{"tickets-1119542132378705973":{"channel":"1121729047639109663","ticketId":"1121729099652673608","embed":{"ticketSetup":{"title":"🎟️ Ticket System","description":"Press the button below to open a new ticket","color":"#5865F2","footer":{"text":"Coded by Kabir Jaipal - @iam_kabirjaipal","iconURL":null},"image":null,"thumbnail":null,"author":{"name":null,"iconURL":null}},"ticketWelcome":{"title":"Welcome to your 🎟️ ticket!","description":"Hello {user},\nThank you for creating a ticket. Our support team will assist you shortly.","color":"#5865F2","footer":{"text":"Coded by Kabir Jaipal - @iam_kabirjaipal","iconURL":null},"image":null,"thumbnail":null,"author":{"name":null,"iconURL":null}}},"categoryId":"1119542132991086663","logging":{"enable":false,"channelId":null},"tickets":[{"userId":null,"channelId":null,"ticketName":null,"isDeleted":false},{"userId":"1100277152697552946","channelId":"1121729132548591669","ticketName":"ticket-genesis_howe40","isDeleted":false},{"userId":"929005441621577749","channelId":"1121732349156139029","ticketName":"ticket-t8c","isDeleted":false},{"userId":"1083535720511197326","channelId":"1122114533708791808","ticketName":"ticket-unspokenkun","isDeleted":false}],"assignedTickets":["1100277152697552946","929005441621577749","1083535720511197326"],"mods":[],"loggingChannel":""},"tickets-1119493446995026031":{"channel":null,"ticketId":null,"embed":{"ticketSetup":{"title":"🎟️ Ticket System","description":"Press the button below to open a new ticket","color":"#5865F2","footer":{"text":"Coded by Kabir Jaipal - @iam_kabirjaipal","iconURL":null},"image":null,"thumbnail":null,"author":{"name":null,"iconURL":null}},"ticketWelcome":{"title":"Welcome to your 🎟️ ticket!","description":"Hello {user},\nThank you for creating a ticket. Our support team will assist you shortly.","color":"#5865F2","footer":{"text":"Coded by Kabir Jaipal - @iam_kabirjaipal","iconURL":null},"image":null,"thumbnail":null,"author":{"name":null,"iconURL":null}}},"categoryId":null,"logging":{"enable":false,"channelId":null},"tickets":[{"userId":null,"channelId":null,"ticketName":null,"isDeleted":false}],"assignedTickets":[],"mods":[]},"tickets-1021202580933709875":{"channel":null,"ticketId":null,"embed":{"ticketSetup":{"title":"🎟️ Ticket System","description":"Press the button below to open a new ticket","color":"#5865F2","footer":{"text":"Coded by Kabir Jaipal - @iam_kabirjaipal","iconURL":null},"image":null,"thumbnail":null,"author":{"name":null,"iconURL":null}},"ticketWelcome":{"title":"Welcome to your 🎟️ ticket!","description":"Hello {user},\nThank you for creating a ticket. Our support team will assist you shortly.","color":"#5865F2","footer":{"text":"Coded by Kabir Jaipal - @iam_kabirjaipal","iconURL":null},"image":null,"thumbnail":null,"author":{"name":null,"iconURL":null}}},"categoryId":null,"logging":{"enable":false,"channelId":null},"tickets":[{"userId":null,"channelId":null,"ticketName":null,"isDeleted":false}],"assignedTickets":[],"mods":[]},"tickets-963765381078609992":{"channel":null,"ticketId":null,"embed":{"ticketSetup":{"title":"🎟️ Ticket System","description":"Press the button below to open a new ticket","color":"#5865F2","footer":{"text":"Coded by Kabir Jaipal - @iam_kabirjaipal","iconURL":null},"image":null,"thumbnail":null,"author":{"name":null,"iconURL":null}},"ticketWelcome":{"title":"Welcome to your 🎟️ ticket!","description":"Hello {user},\nThank you for creating a ticket. Our support team will assist you shortly.","color":"#5865F2","footer":{"text":"Coded by Kabir Jaipal - @iam_kabirjaipal","iconURL":null},"image":null,"thumbnail":null,"author":{"name":null,"iconURL":null}}},"categoryId":null,"logging":{"enable":false,"channelId":null},"tickets":[{"userId":null,"channelId":null,"ticketName":null,"isDeleted":false}],"assignedTickets":[],"mods":[]},"tickets-1046582842827735061":{"channel":null,"ticketId":null,"embed":{"ticketSetup":{"title":"🎟️ Ticket System","description":"Press the button below to open a new ticket","color":"#5865F2","footer":{"text":"Coded by Kabir Jaipal - @iam_kabirjaipal","iconURL":null},"image":null,"thumbnail":null,"author":{"name":null,"iconURL":null}},"ticketWelcome":{"title":"Welcome to your 🎟️ ticket!","description":"Hello {user},\nThank you for creating a ticket. Our support team will assist you shortly.","color":"#5865F2","footer":{"text":"Coded by Kabir Jaipal - @iam_kabirjaipal","iconURL":null},"image":null,"thumbnail":null,"author":{"name":null,"iconURL":null}}},"categoryId":null,"logging":{"enable":false,"channelId":null},"tickets":[{"userId":null,"channelId":null,"ticketName":null,"isDeleted":false}],"assignedTickets":[],"mods":[]},"tickets-1119497067233034260":{"channel":null,"ticketId":null,"embed":{"ticketSetup":{"title":"🎟️ Ticket System","description":"Press the button below to open a new ticket","color":"#5865F2","footer":{"text":"Coded by Kabir Jaipal - @iam_kabirjaipal","iconURL":null},"image":null,"thumbnail":null,"author":{"name":null,"iconURL":null}},"ticketWelcome":{"title":"Welcome to your 🎟️ ticket!","description":"Hello {user},\nThank you for creating a ticket. Our support team will assist you shortly.","color":"#5865F2","footer":{"text":"Coded by Kabir Jaipal - @iam_kabirjaipal","iconURL":null},"image":null,"thumbnail":null,"author":{"name":null,"iconURL":null}}},"categoryId":null,"logging":{"enable":false,"channelId":null},"tickets":[{"userId":null,"channelId":null,"ticketName":null,"isDeleted":false}],"assignedTickets":[],"mods":[]},"tickets-1038192694477992036":{"channel":null,"ticketId":null,"embed":{"ticketSetup":{"title":"🎟️ Ticket System","description":"Press the button below to open a new ticket","color":"#5865F2","footer":{"text":"Coded by Kabir Jaipal - @iam_kabirjaipal","iconURL":null},"image":null,"thumbnail":null,"author":{"name":null,"iconURL":null}},"ticketWelcome":{"title":"Welcome to your 🎟️ ticket!","description":"Hello {user},\nThank you for creating a ticket. Our support team will assist you shortly.","color":"#5865F2","footer":{"text":"Coded by Kabir Jaipal - @iam_kabirjaipal","iconURL":null},"image":null,"thumbnail":null,"author":{"name":null,"iconURL":null}}},"categoryId":null,"logging":{"enable":false,"channelId":null},"tickets":[{"userId":null,"channelId":null,"ticketName":null,"isDeleted":false}],"assignedTickets":[],"mods":[]},"tickets-1104318978018512916":{"channel":null,"ticketId":null,"embed":{"ticketSetup":{"title":"🎟️ Ticket System","description":"Press the button below to open a new ticket","color":"#5865F2","footer":{"text":"Coded by Kabir Jaipal - @iam_kabirjaipal","iconURL":null},"image":null,"thumbnail":null,"author":{"name":null,"iconURL":null}},"ticketWelcome":{"title":"Welcome to your 🎟️ ticket!","description":"Hello {user},\nThank you for creating a ticket. Our support team will assist you shortly.","color":"#5865F2","footer":{"text":"Coded by Kabir Jaipal - @iam_kabirjaipal","iconURL":null},"image":null,"thumbnail":null,"author":{"name":null,"iconURL":null}}},"categoryId":null,"logging":{"enable":false,"channelId":null},"tickets":[{"userId":null,"channelId":null,"ticketName":null,"isDeleted":false}],"assignedTickets":[],"mods":[]},"tickets-935973596512284782":{"channel":null,"ticketId":null,"embed":{"ticketSetup":{"title":"🎟️ Ticket System","description":"Press the button below to open a new ticket","color":"#5865F2","footer":{"text":"Coded by Kabir Jaipal - @iam_kabirjaipal","iconURL":null},"image":null,"thumbnail":null,"author":{"name":null,"iconURL":null}},"ticketWelcome":{"title":"Welcome to your 🎟️ ticket!","description":"Hello {user},\nThank you for creating a ticket. Our support team will assist you shortly.","color":"#5865F2","footer":{"text":"Coded by Kabir Jaipal - @iam_kabirjaipal","iconURL":null},"image":null,"thumbnail":null,"author":{"name":null,"iconURL":null}}},"categoryId":null,"logging":{"enable":false,"channelId":null},"tickets":[{"userId":null,"channelId":null,"ticketName":null,"isDeleted":false}],"assignedTickets":[],"mods":[]},"tickets-1131349428364660871":{"channel":null,"ticketId":null,"embed":{"ticketSetup":{"title":"🎟️ Ticket System","description":"Press the button below to open a new ticket","color":"#5865F2","footer":{"text":"Coded by Kabir Jaipal - @iam_kabirjaipal","iconURL":null},"image":null,"thumbnail":null,"author":{"name":null,"iconURL":null}},"ticketWelcome":{"title":"Welcome to your 🎟️ ticket!","description":"Hello {user},\nThank you for creating a ticket. Our support team will assist you shortly.","color":"#5865F2","footer":{"text":"Coded by Kabir Jaipal - @iam_kabirjaipal","iconURL":null},"image":null,"thumbnail":null,"author":{"name":null,"iconURL":null}}},"categoryId":null,"logging":{"enable":false,"channelId":null},"tickets":[{"userId":null,"channelId":null,"ticketName":null,"isDeleted":false}],"assignedTickets":[],"mods":[]},"tickets-1101892773986172928":{"channel":null,"ticketId":null,"embed":{"ticketSetup":{"title":"🎟️ Ticket System","description":"Press the button below to open a new ticket","color":"#5865F2","footer":{"text":"Coded by Kabir Jaipal - @iam_kabirjaipal","iconURL":null},"image":null,"thumbnail":null,"author":{"name":null,"iconURL":null}},"ticketWelcome":{"title":"Welcome to your 🎟️ ticket!","description":"Hello {user},\nThank you for creating a ticket. Our support team will assist you shortly.","color":"#5865F2","footer":{"text":"Coded by Kabir Jaipal - @iam_kabirjaipal","iconURL":null},"image":null,"thumbnail":null,"author":{"name":null,"iconURL":null}}},"categoryId":null,"logging":{"enable":false,"channelId":null},"tickets":[{"userId":null,"channelId":null,"ticketName":null,"isDeleted":false}],"assignedTickets":[],"mods":[]},"tickets-1114603760157720596":{"channel":null,"ticketId":null,"embed":{"ticketSetup":{"title":"\u003C:tickets_saintess:1132758307942191235\u003E Tickets","description":"\u003E \u003Ca:dot:1132753415798276236\u003E Press the button below to open a new ticket.","color":"#0xff93e0","footer":{"text":"@saintess","iconURL":null},"image":null,"thumbnail":null,"author":{"name":null,"iconURL":null}},"ticketWelcome":{"title":"Welcome to your \u003C:tickets_saintess:1132758307942191235\u003E ticket!","description":"Hello {user},\nThank you for creating a ticket. Our support team will assist you shortly.","color":"#0xff93e0","footer":{"text":"@saintess","iconURL":null},"image":null,"thumbnail":null,"author":{"name":null,"iconURL":null}}},"categoryId":null,"logging":{"enable":false,"channelId":null},"tickets":[{"userId":null,"channelId":null,"ticketName":null,"isDeleted":false}],"assignedTickets":[],"mods":[]},"tickets-1074113267238195321":{"channel":null,"ticketId":null,"embed":{"ticketSetup":{"title":"\u003C:tickets_saintess:1132758307942191235\u003E Tickets","description":"\u003E \u003Ca:dot:1132753415798276236\u003E Press the button below to open a new ticket.","color":"#0xff93e0","footer":{"text":"@saintess","iconURL":null},"image":null,"thumbnail":null,"author":{"name":null,"iconURL":null}},"ticketWelcome":{"title":"Welcome to your \u003C:tickets_saintess:1132758307942191235\u003E ticket!","description":"Hello {user},\nThank you for creating a ticket. Our support team will assist you shortly.","color":"#0xff93e0","footer":{"text":"@saintess","iconURL":null},"image":null,"thumbnail":null,"author":{"name":null,"iconURL":null}}},"categoryId":null,"logging":{"enable":false,"channelId":null},"tickets":[{"userId":null,"channelId":null,"ticketName":null,"isDeleted":false}],"assignedTickets":[],"mods":[]},"tickets-1133721055333203968":{"channel":"1133727726591803392","ticketId":"1133727799572693012","embed":{"ticketSetup":{"title":"\u003C:tickets_saintess:1132758307942191235\u003E Tickets","description":"\u003E \u003Ca:dot:1132753415798276236\u003E Click to open a ticket.","color":"#ff93e0","footer":{"text":"@saintess","iconURL":"https:\u002F\u002Fcdn.discordapp.com\u002Favatars\u002F1024259879696859146\u002F64b16154f05323a738e33f36a223fe29.webp"},"image":null,"thumbnail":null,"author":{"name":null,"iconURL":null}},"ticketWelcome":{"title":"Greetings \u003C:tickets_saintess:1132758307942191235\u003E.","description":"Hello {user},\nThank you for creating a ticket.\n Our support team will assist you shortly.","color":"#ff93e0","footer":{"text":"@saintess","iconURL":null},"image":null,"thumbnail":null,"author":{"name":null,"iconURL":null}}},"categoryId":"1133721055886835772","logging":{"enable":false,"channelId":null},"tickets":[{"userId":null,"channelId":null,"ticketName":null,"isDeleted":false},{"userId":"438767481159548938","channelId":"1133727812554084435","ticketName":"ticket-ilytess","isDeleted":false}],"assignedTickets":["438767481159548938"],"mods":[],"loggingChannel":""},"tickets-1136410164514271293":{"channel":null,"ticketId":null,"embed":{"ticketSetup":{"title":"\u003C:tickets_saintess:1132758307942191235\u003E Tickets","description":"\u003E \u003Ca:dot:1132753415798276236\u003E Click to open a ticket.","color":"#ff93e0","footer":{"text":"@saintess","iconURL":"https:\u002F\u002Fcdn.discordapp.com\u002Favatars\u002F1024259879696859146\u002Fd5be1d7a65b11e63c994fda816b7460c.webp"},"image":null,"thumbnail":null,"author":{"name":null,"iconURL":null}},"ticketWelcome":{"title":"\u003C:tickets_saintess:1132758307942191235\u003E Greetings","description":"Hello {user},\nThank you for creating a ticket.\n Our support team will assist you shortly.","color":"#ff93e0","footer":{"text":"@saintess","iconURL":null},"image":null,"thumbnail":null,"author":{"name":null,"iconURL":null}}},"categoryId":null,"logging":{"enable":false,"channelId":null},"tickets":[{"userId":null,"channelId":null,"ticketName":null,"isDeleted":false}],"assignedTickets":[],"mods":[]},"tickets-1128918034367643749":{"channel":null,"ticketId":null,"embed":{"ticketSetup":{"title":"\u003C:tickets_saintess:1132758307942191235\u003E Tickets","description":"\u003E \u003Ca:dot:1132753415798276236\u003E Click to open a ticket.","color":"#ff93e0","footer":{"text":"@saintess","iconURL":"https:\u002F\u002Fcdn.discordapp.com\u002Favatars\u002F1024259879696859146\u002Fd5be1d7a65b11e63c994fda816b7460c.webp"},"image":null,"thumbnail":null,"author":{"name":null,"iconURL":null}},"ticketWelcome":{"title":"\u003C:tickets_saintess:1132758307942191235\u003E Greetings","description":"Hello {user},\nThank you for creating a ticket.\n Our support team will assist you shortly.","color":"#ff93e0","footer":{"text":"@saintess","iconURL":null},"image":null,"thumbnail":null,"author":{"name":null,"iconURL":null}}},"categoryId":null,"logging":{"enable":false,"channelId":null},"tickets":[{"userId":null,"channelId":null,"ticketName":null,"isDeleted":false}],"assignedTickets":[],"mods":[]},"tickets-1132744599752933458":{"channel":"1132746302426456125","ticketId":"1137077113082618039","embed":{"ticketSetup":{"title":"\u003C:tickets_saintess:1132758307942191235\u003E Tickets","description":"\u003E \u003Ca:dot:1132753415798276236\u003E Click to open a ticket.","color":"#ff93e0","footer":{"text":"@saintess","iconURL":"https:\u002F\u002Fcdn.discordapp.com\u002Favatars\u002F1024259879696859146\u002Fd5be1d7a65b11e63c994fda816b7460c.webp"},"image":null,"thumbnail":null,"author":{"name":null,"iconURL":null}},"ticketWelcome":{"title":"\u003C:tickets_saintess:1132758307942191235\u003E Greetings","description":"Hello {user},\nThank you for creating a ticket.\n Our support team will assist you shortly.","color":"#ff93e0","footer":{"text":"@saintess","iconURL":null},"image":null,"thumbnail":null,"author":{"name":null,"iconURL":null}}},"categoryId":"1132744600558248006","logging":{"enable":false,"channelId":null},"tickets":[{"userId":null,"channelId":null,"ticketName":null,"isDeleted":false},{"userId":"438767481159548938","channelId":"1137077136453283930","ticketName":"ticket-ilytess","isDeleted":false}],"assignedTickets":["438767481159548938"],"mods":[],"loggingChannel":""},"tickets-1118946942458798090":{"channel":null,"ticketId":null,"embed":{"ticketSetup":{"title":"\u003C:tickets_saintess:1132758307942191235\u003E Tickets","description":"\u003E \u003Ca:dot:1132753415798276236\u003E Click to open a ticket.","color":"#ff93e0","footer":{"text":"@saintess","iconURL":"https:\u002F\u002Fcdn.discordapp.com\u002Favatars\u002F1024259879696859146\u002Fd5be1d7a65b11e63c994fda816b7460c.webp"},"image":null,"thumbnail":null,"author":{"name":null,"iconURL":null}},"ticketWelcome":{"title":"\u003C:tickets_saintess:1132758307942191235\u003E Greetings","description":"Hello {user},\nThank you for creating a ticket.\n Our support team will assist you shortly.","color":"#ff93e0","footer":{"text":"@saintess","iconURL":null},"image":null,"thumbnail":null,"author":{"name":null,"iconURL":null}}},"categoryId":null,"logging":{"enable":false,"channelId":null},"tickets":[{"userId":null,"channelId":null,"ticketName":null,"isDeleted":false}],"assignedTickets":[],"mods":[]},"tickets-1128387693307502712":{"channel":"1128629534162436196","ticketId":"1137077362572398632","embed":{"ticketSetup":{"title":"\u003C:tickets_saintess:1132758307942191235\u003E Tickets","description":"\u003E \u003Ca:dot:1132753415798276236\u003E Click to open a ticket.","color":"#ff93e0","footer":{"text":"@saintess","iconURL":"https:\u002F\u002Fcdn.discordapp.com\u002Favatars\u002F1024259879696859146\u002Fd5be1d7a65b11e63c994fda816b7460c.webp"},"image":null,"thumbnail":null,"author":{"name":null,"iconURL":null}},"ticketWelcome":{"title":"\u003C:tickets_saintess:1132758307942191235\u003E Greetings","description":"Hello {user},\nThank you for creating a ticket.\n Our support team will assist you shortly.","color":"#ff93e0","footer":{"text":"@saintess","iconURL":null},"image":null,"thumbnail":null,"author":{"name":null,"iconURL":null}}},"categoryId":"1128629516470845501","logging":{"enable":false,"channelId":null},"tickets":[{"userId":null,"channelId":null,"ticketName":null,"isDeleted":false},{"userId":"438767481159548938","channelId":"1137077381404835941","ticketName":"ticket-ilytess","isDeleted":false}],"assignedTickets":["438767481159548938"],"mods":[],"loggingChannel":""},"tickets-1142442696947019886":{"channel":"1142442697513254924","ticketId":"1142447754136801283","categoryId":"1142442697513254923","embed":{"ticketSetup":{"title":"\u003C:tickets_saintess:1132758307942191235\u003E Tickets","description":"\u003E \u003Ca:dot:1132753415798276236\u003E Click to open a ticket.","color":"#ff93e0","footer":{"text":"@saintess","iconURL":null},"image":null,"thumbnail":null,"author":{"name":null,"iconURL":null}},"ticketWelcome":{"title":"\u003C:tickets_saintess:1132758307942191235\u003E Greetings","description":"Hello {user},\nThank you for creating a ticket.\n Our support team will assist you shortly.","color":"#ff93e0","footer":{"text":"@saintess","iconURL":null},"image":null,"thumbnail":null,"author":{"name":null,"iconURL":null}}},"loggingChannel":"","tickets":[],"assignedTickets":[]},"tickets-1140608246449709087":{"channel":"1141463750243795117","ticketId":"1142452589674381363","categoryId":"1141467311975444681","embed":{"ticketSetup":{"title":"\u003C:tickets_saintess:1132758307942191235\u003E Tickets","description":"\u003E \u003Ca:dot:1132753415798276236\u003E Click to open a ticket.","color":"#ff93e0","footer":{"text":"@saintess","iconURL":"https:\u002F\u002Fcdn.discordapp.com\u002Favatars\u002F1024259879696859146\u002F8307d844d8122932840ae63711f49adf.webp"},"image":null,"thumbnail":null,"author":{"name":null,"iconURL":null}},"ticketWelcome":{"title":"\u003C:tickets_saintess:1132758307942191235\u003E Greetings","description":"Hello {user},\nThank you for creating a ticket.\n Our support team will assist you shortly.","color":"#ff93e0","footer":{"text":"@saintess","iconURL":null},"image":null,"thumbnail":null,"author":{"name":null,"iconURL":null}}},"loggingChannel":"","tickets":[],"assignedTickets":[]},"tickets-1103509628693786646":{"channel":null,"ticketId":null,"embed":{"ticketSetup":{"title":"\u003C:tickets_saintess:1132758307942191235\u003E Tickets","description":"\u003E \u003Ca:dot:1132753415798276236\u003E Click to open a ticket.","color":"#ff93e0","footer":{"text":"@saintess","iconURL":"https:\u002F\u002Fcdn.discordapp.com\u002Favatars\u002F1024259879696859146\u002F8307d844d8122932840ae63711f49adf.webp"},"image":null,"thumbnail":null,"author":{"name":null,"iconURL":null}},"ticketWelcome":{"title":"\u003C:tickets_saintess:1132758307942191235\u003E Greetings","description":"Hello {user},\nThank you for creating a ticket.\n Our support team will assist you shortly.","color":"#ff93e0","footer":{"text":"@saintess","iconURL":null},"image":null,"thumbnail":null,"author":{"name":null,"iconURL":null}}},"categoryId":null,"logging":{"enable":false,"channelId":null},"tickets":[{"userId":null,"channelId":null,"ticketName":null,"isDeleted":false}],"assignedTickets":[],"mods":[]}}